{"mean": [-0.0028318668619496993, -0.0001439018562259838, -0.010589209139061318, 0.0030172701567779156, 0.001971612290667702, 0.0021769381527660765, -0.015280975898401014, 0.026339768101538773, -0.019255070799108945, -0.0014423233691378565, 0.011620768398902694, -0.008918319091027825, -0.01742184651455245, -2.39510310367175e-05], "std": [0.9998021151667732, 0.9838926924030447, 1.0018507126647083, 1.0066349790246536, 0.9795958009988984, 0.9921814268151024, 1.0062524254159746, 1.014676890769028, 1.024465114198718, 1.0005179979733827, 1.0576530585840034, 0.9747528260445677, 0.9713092500208095, 1.0062736502413516]}